[{"id":1, "memberNo":"M01", "name":"MapleStory", "username":"\u54c8\u5bc6\u560e", "password":"1234", "address":"", "phone":"", "mobile":""},
 {"id":2, "memberNo":"M02", "name":"\u6c38\u6046", "username":"39", "password":"866", "address":"", "phone":"", "mobile":""},
 {"id":4, "memberNo":"M03", "name":"\u8afe\u4f0a", "username":"2eefs", "password":"3324d", "address":"", "phone":"", "mobile":""},
 {"id":9, "memberNo":"M04", "name":"\u4e8c\u53e3\u5408\u9038", "username":"aaa", "password":"2wdf", "address":"", "phone":"", "mobile":""},
 {"id":14, "memberNo":"M05", "name":"\u54c8\u5bc6\u560e", "username":"2ddss", "password":"23d3", "address":"", "phone":"", "mobile":""},
 {"id":55, "memberNo":"M06", "name":"aaa", "username":"ooo", "password":"444", "address":"", "phone":"", "mobile":""},
 {"id":56, "memberNo":"M07", "name":"\u5de8\u5320", "username":"teacher", "password":"2jdi2", "address":"", "phone":"", "mobile":""},
 {"id":61, "memberNo":"M08", "name":"222s", "username":"sss", "password":"ssd", "address":"", "phone":"", "mobile":""},
 {"id":62, "memberNo":"M09", "name":"teacher", "username":"test", "password":"1234", "address":"", "phone":"", "mobile":""},
 {"id":63, "memberNo":"M10", "name":"222s", "username":"sss", "password":"ssd", "address":"", "phone":"", "mobile":""},
 {"id":64, "memberNo":"M11", "name":"test", "username":"123", "password":"1sss2", "address":"", "phone":"", "mobile":""}]